subject,predicate,object,truth,jaccard,adamic_adar,degree_product,ensemble_score
http://www.wikidata.org/entity/Q4751336,http://www.wikidata.org/prop/direct/P161,http://www.wikidata.org/entity/Q7683304,1,0.013986,0.189129,3186.0,0.459028588721633
http://www.wikidata.org/entity/Q47495115,http://www.wikidata.org/prop/direct/P2578,http://www.wikidata.org/entity/Q1204375,1,0.0,0.0,1584.0,0.44051022506558246
http://www.wikidata.org/entity/Q4360765,http://www.wikidata.org/prop/direct/P57,http://www.wikidata.org/entity/Q17037816,0,0.025,0.060893,364.0,0.4682942656329891
http://www.wikidata.org/entity/Q7176036,http://www.wikidata.org/prop/direct/P166,http://www.wikidata.org/entity/Q162564,0,0.0,0.0,3390.0,0.44051022506558246
http://www.wikidata.org/entity/Q4895325,http://www.wikidata.org/prop/direct/P20,http://www.wikidata.org/entity/Q959512,0,0.0,0.0,1918.0,0.44051022506558246
http://www.wikidata.org/entity/Q337040,http://www.wikidata.org/prop/direct/P20,http://www.wikidata.org/entity/Q61,0,0.000132,0.88431,4882005.0,0.36487577700630197
http://www.wikidata.org/entity/Q4574404,http://www.wikidata.org/prop/direct/P162,http://www.wikidata.org/entity/Q19898985,1,0.0,0.0,84.0,0.44051022506558246
http://www.wikidata.org/entity/Q106949,http://www.wikidata.org/prop/direct/P166,http://www.wikidata.org/entity/Q584250,1,0.00335,0.383914,29430.0,0.4172180517824274
http://www.wikidata.org/entity/Q72078,http://www.wikidata.org/prop/direct/P20,http://www.wikidata.org/entity/Q3114,1,0.001427,0.431386,188991.0,0.41975828461140374
http://www.wikidata.org/entity/Q3036147,http://www.wikidata.org/prop/direct/P162,http://www.wikidata.org/entity/Q372838,0,0.026667,0.226317,832.0,0.49325875982380146
http://www.wikidata.org/entity/Q7904929,http://www.wikidata.org/prop/direct/P161,http://www.wikidata.org/entity/Q3535762,0,0.009901,0.07253,1305.0,0.40553796583875834
http://www.wikidata.org/entity/Q21527457,http://www.wikidata.org/prop/direct/P162,http://www.wikidata.org/entity/Q2580560,1,0.054054,0.128126,290.0,0.48791863085855086
http://www.wikidata.org/entity/Q181529,http://www.wikidata.org/prop/direct/P166,http://www.wikidata.org/entity/Q18748039,1,0.00206,0.387475,101626.0,0.41770142858294534
http://www.wikidata.org/entity/Q6167953,http://www.wikidata.org/prop/direct/P131,http://www.wikidata.org/entity/Q83786,0,0.003436,0.07253,13216.0,0.40288565203207766
http://www.wikidata.org/entity/Q1745633,http://www.wikidata.org/prop/direct/P1416,http://www.wikidata.org/entity/Q18162781,0,0.003413,0.178517,4067.0,0.4227509226992418
http://www.wikidata.org/entity/Q49498,http://www.wikidata.org/prop/direct/P161,http://www.wikidata.org/entity/Q48337,1,0.007605,0.128126,14364.0,0.42077489597217693
http://www.wikidata.org/entity/Q4748684,http://www.wikidata.org/prop/direct/P131,http://www.wikidata.org/entity/Q19881964,0,0.022472,0.506824,1470.0,0.49444137774264374
http://www.wikidata.org/entity/Q1045828,http://www.wikidata.org/prop/direct/P1416,http://www.wikidata.org/entity/Q23109,0,0.0021,1.535797,2596179.0,0.33605746165675876
http://www.wikidata.org/entity/Q96279597,http://www.wikidata.org/prop/direct/P2578,http://www.wikidata.org/entity/Q193495,0,0.0,0.0,26411.0,0.44051022506558246
http://www.wikidata.org/entity/Q602600,http://www.wikidata.org/prop/direct/P162,http://www.wikidata.org/entity/Q4757720,1,0.028986,0.157337,1258.0,0.5065426574595278
http://www.wikidata.org/entity/Q1302406,http://www.wikidata.org/prop/direct/P161,http://www.wikidata.org/entity/Q231221,1,0.022727,0.206157,3564.0,0.4803075958140745
http://www.wikidata.org/entity/Q1174906,http://www.wikidata.org/prop/direct/P166,http://www.wikidata.org/entity/Q80061,1,0.0006,0.172531,223440.0,0.42277247323021566
http://www.wikidata.org/entity/Q571640,http://www.wikidata.org/prop/direct/P20,http://www.wikidata.org/entity/Q21,1,7.8e-05,0.219659,1544480.0,0.42271253188492625
http://www.wikidata.org/entity/Q6167659,http://www.wikidata.org/prop/direct/P19,http://www.wikidata.org/entity/Q30,0,2e-06,1.279703,66262563.0,0.3559284573479495
http://www.wikidata.org/entity/Q16858400,http://www.wikidata.org/prop/direct/P272,http://www.wikidata.org/entity/Q126399,0,0.000769,0.34329,38920.0,0.41347395950286786
http://www.wikidata.org/entity/Q1458579,http://www.wikidata.org/prop/direct/P6,http://www.wikidata.org/entity/Q18684048,0,0.001106,0.086955,11596.0,0.4296203499824157
http://www.wikidata.org/entity/Q1361708,http://www.wikidata.org/prop/direct/P2578,http://www.wikidata.org/entity/Q18346,0,0.0,0.0,841.0,0.44051022506558246
http://www.wikidata.org/entity/Q108915660,http://www.wikidata.org/prop/direct/P2578,http://www.wikidata.org/entity/Q109254891,0,0.0,0.0,22.0,0.44051022506558246
http://www.wikidata.org/entity/Q18111564,http://www.wikidata.org/prop/direct/P161,http://www.wikidata.org/entity/Q16200372,1,0.037037,0.07253,195.0,0.4692164652334627
http://www.wikidata.org/entity/Q935,http://www.wikidata.org/prop/direct/P19,http://www.wikidata.org/entity/Q288781,0,0.002427,0.474761,267840.0,0.4266349727619028
http://www.wikidata.org/entity/Q1432632,http://www.wikidata.org/prop/direct/P131,http://www.wikidata.org/entity/Q4650216,0,0.0,0.0,134697.0,0.4389843459847889
http://www.wikidata.org/entity/Q2837541,http://www.wikidata.org/prop/direct/P272,http://www.wikidata.org/entity/Q422404,0,0.0,0.0,1570.0,0.44051022506558246
http://www.wikidata.org/entity/Q1859178,http://www.wikidata.org/prop/direct/P1416,http://www.wikidata.org/entity/Q7896364,0,0.001558,0.295541,7696.0,0.4217191926621327
http://www.wikidata.org/entity/Q557597,http://www.wikidata.org/prop/direct/P6,http://www.wikidata.org/entity/Q57488,1,0.002703,0.098323,12358.0,0.43655516610752276
http://www.wikidata.org/entity/Q487556,http://www.wikidata.org/prop/direct/P1416,http://www.wikidata.org/entity/Q593768,1,0.0,0.0,654456.0,0.44051022506558246
http://www.wikidata.org/entity/Q51344162,http://www.wikidata.org/prop/direct/P2578,http://www.wikidata.org/entity/Q161733,1,0.001222,0.145104,9684.0,0.4254532502924717
http://www.wikidata.org/entity/Q111788,http://www.wikidata.org/prop/direct/P162,http://www.wikidata.org/entity/Q128379,0,0.029851,0.131664,1148.0,0.5008191023895234
http://www.wikidata.org/entity/Q4196318,http://www.wikidata.org/prop/direct/P161,http://www.wikidata.org/entity/Q7645324,0,0.033333,0.07253,240.0,0.4652299038279513
http://www.wikidata.org/entity/Q571640,http://www.wikidata.org/prop/direct/P20,http://www.wikidata.org/entity/Q2670092,0,0.015385,0.194435,3680.0,0.46505602276501096
http://www.wikidata.org/entity/Q13512964,http://www.wikidata.org/prop/direct/P162,http://www.wikidata.org/entity/Q3261862,1,0.013889,0.067233,1326.0,0.4355698307137214
http://www.wikidata.org/entity/Q3122110,http://www.wikidata.org/prop/direct/P166,http://www.wikidata.org/entity/Q99700,1,0.011561,0.23368,4900.0,0.45237272295801784
http://www.wikidata.org/entity/Q6960907,http://www.wikidata.org/prop/direct/P19,http://www.wikidata.org/entity/Q1726,0,0.0,0.0,791780.0,0.44051022506558246
http://www.wikidata.org/entity/Q1745633,http://www.wikidata.org/prop/direct/P131,http://www.wikidata.org/entity/Q48444,0,0.0,0.0,71463.0,0.4389843459847889
http://www.wikidata.org/entity/Q884523,http://www.wikidata.org/prop/direct/P272,http://www.wikidata.org/entity/Q126399,0,0.001025,0.574417,54488.0,0.47141981752911577
http://www.wikidata.org/entity/Q6122077,http://www.wikidata.org/prop/direct/P1416,http://www.wikidata.org/entity/Q1437,0,0.000791,0.231286,266090.0,0.423985646122312
http://www.wikidata.org/entity/Q170027,http://www.wikidata.org/prop/direct/P6,http://www.wikidata.org/entity/Q151754,1,0.000157,0.070771,717600.0,0.4275963479273524
http://www.wikidata.org/entity/Q3695910,http://www.wikidata.org/prop/direct/P1416,http://www.wikidata.org/entity/Q7894508,1,0.003906,0.070771,3630.0,0.4114249435729528
http://www.wikidata.org/entity/Q283032,http://www.wikidata.org/prop/direct/P131,http://www.wikidata.org/entity/Q1355,0,0.000716,0.553428,629356.0,0.4196777116588779
http://www.wikidata.org/entity/Q7896284,http://www.wikidata.org/prop/direct/P1416,http://www.wikidata.org/entity/Q7895267,0,0.003831,0.093938,2277.0,0.4194217402311187
http://www.wikidata.org/entity/Q19803462,http://www.wikidata.org/prop/direct/P161,http://www.wikidata.org/entity/Q15897,1,0.035533,1.849116,8379.0,0.5100112111306592
http://www.wikidata.org/entity/Q595699,http://www.wikidata.org/prop/direct/P20,http://www.wikidata.org/entity/Q1018418,1,0.005155,0.090306,4250.0,0.4139662379909907
http://www.wikidata.org/entity/Q1065146,http://www.wikidata.org/prop/direct/P162,http://www.wikidata.org/entity/Q1067,0,0.0,0.0,21692.0,0.44051022506558246
http://www.wikidata.org/entity/Q12989335,http://www.wikidata.org/prop/direct/P161,http://www.wikidata.org/entity/Q55760885,0,0.0,0.0,70.0,0.44051022506558246
http://www.wikidata.org/entity/Q97192130,http://www.wikidata.org/prop/direct/P166,http://www.wikidata.org/entity/Q5150333,0,0.0,0.0,528.0,0.44051022506558246
http://www.wikidata.org/entity/Q5267312,http://www.wikidata.org/prop/direct/P272,http://www.wikidata.org/entity/Q384930,1,0.013333,0.409184,2387.0,0.46185750161158334
http://www.wikidata.org/entity/Q18811645,http://www.wikidata.org/prop/direct/P57,http://www.wikidata.org/entity/Q6713058,1,0.034483,0.07253,216.0,0.4668425572402843
http://www.wikidata.org/entity/Q6827992,http://www.wikidata.org/prop/direct/P19,http://www.wikidata.org/entity/Q801,1,6.5e-05,1.081767,4409712.0,0.3590606519471014
http://www.wikidata.org/entity/Q1249005,http://www.wikidata.org/prop/direct/P1416,http://www.wikidata.org/entity/Q593768,1,0.000642,0.070771,160728.0,0.4114249435729528
http://www.wikidata.org/entity/Q202140,http://www.wikidata.org/prop/direct/P2578,http://www.wikidata.org/entity/Q11351,1,0.000161,0.381018,4210685.0,0.4158769938583469
http://www.wikidata.org/entity/Q54818644,http://www.wikidata.org/prop/direct/P19,http://www.wikidata.org/entity/Q2396842,0,0.009259,0.067233,2590.0,0.40802944067696867
http://www.wikidata.org/entity/Q1423677,http://www.wikidata.org/prop/direct/P131,http://www.wikidata.org/entity/Q34932,0,0.001412,1.197133,793200.0,0.3708756670549287
http://www.wikidata.org/entity/Q1440249,http://www.wikidata.org/prop/direct/P272,http://www.wikidata.org/entity/Q465224,0,0.005618,0.145264,10137.0,0.42691343830740713
http://www.wikidata.org/entity/Q283032,http://www.wikidata.org/prop/direct/P1416,http://www.wikidata.org/entity/Q2329,0,0.0,0.0,2580656.0,0.44051022506558246
http://www.wikidata.org/entity/Q16844930,http://www.wikidata.org/prop/direct/P272,http://www.wikidata.org/entity/Q384930,1,0.008929,0.225442,1953.0,0.43017043874208366
http://www.wikidata.org/entity/Q49498,http://www.wikidata.org/prop/direct/P57,http://www.wikidata.org/entity/Q268881,1,0.046875,1.002173,4408.0,0.5481440407975501
http://www.wikidata.org/entity/Q58495334,http://www.wikidata.org/prop/direct/P19,http://www.wikidata.org/entity/Q1080413,1,0.04,0.070771,88.0,0.46911485619467047
http://www.wikidata.org/entity/Q432475,http://www.wikidata.org/prop/direct/P6,http://www.wikidata.org/entity/Q4451142,1,6.9e-05,0.081371,260568.0,0.4296203499824157
http://www.wikidata.org/entity/Q557597,http://www.wikidata.org/prop/direct/P1416,http://www.wikidata.org/entity/Q743769,1,0.0,0.0,122578.0,0.44051022506558246
http://www.wikidata.org/entity/Q629819,http://www.wikidata.org/prop/direct/P57,http://www.wikidata.org/entity/Q467348,0,0.0,0.0,2747.0,0.44051022506558246
http://www.wikidata.org/entity/Q4588704,http://www.wikidata.org/prop/direct/P166,http://www.wikidata.org/entity/Q18357228,0,0.009524,0.067233,1440.0,0.40554037002430005
http://www.wikidata.org/entity/Q5650357,http://www.wikidata.org/prop/direct/P20,http://www.wikidata.org/entity/Q34370,0,7.5e-05,0.13405,254220.0,0.422827648391593
http://www.wikidata.org/entity/Q1585845,http://www.wikidata.org/prop/direct/P20,http://www.wikidata.org/entity/Q2104746,1,0.006452,0.067233,3483.0,0.4131275619434755
http://www.wikidata.org/entity/Q7687461,http://www.wikidata.org/prop/direct/P6,http://www.wikidata.org/entity/Q7176537,0,0.041667,0.078165,114.0,0.47387849754191147
http://www.wikidata.org/entity/Q77052244,http://www.wikidata.org/prop/direct/P166,http://www.wikidata.org/entity/Q44585,0,0.0,0.0,27166.0,0.44051022506558246
http://www.wikidata.org/entity/Q127990,http://www.wikidata.org/prop/direct/P131,http://www.wikidata.org/entity/Q482055,1,0.000256,0.078165,127908.0,0.40441934934154256
http://www.wikidata.org/entity/Q1474019,http://www.wikidata.org/prop/direct/P6,http://www.wikidata.org/entity/Q332696,1,0.001854,0.131664,41640.0,0.43256051239545057
http://www.wikidata.org/entity/Q3399947,http://www.wikidata.org/prop/direct/P6,http://www.wikidata.org/entity/Q16012266,0,0.019608,0.097273,352.0,0.46430916514421944
http://www.wikidata.org/entity/Q202140,http://www.wikidata.org/prop/direct/P2578,http://www.wikidata.org/entity/Q237200,0,0.002283,0.262697,31410.0,0.4229414356606856
http://www.wikidata.org/entity/Q1470520,http://www.wikidata.org/prop/direct/P2578,http://www.wikidata.org/entity/Q207011,0,0.0,0.0,789018.0,0.44051022506558246
http://www.wikidata.org/entity/Q2922705,http://www.wikidata.org/prop/direct/P57,http://www.wikidata.org/entity/Q1750628,0,0.010526,0.576268,5616.0,0.4928921193006963
http://www.wikidata.org/entity/Q621113,http://www.wikidata.org/prop/direct/P20,http://www.wikidata.org/entity/Q11893318,0,0.0,0.0,592.0,0.44051022506558246
http://www.wikidata.org/entity/Q337040,http://www.wikidata.org/prop/direct/P20,http://www.wikidata.org/entity/Q173813,1,0.002102,1.011669,290895.0,0.36234114713085774
http://www.wikidata.org/entity/Q7896201,http://www.wikidata.org/prop/direct/P6,http://www.wikidata.org/entity/Q7924606,0,0.002903,0.231286,6138.0,0.43465487985960455
http://www.wikidata.org/entity/Q106949,http://www.wikidata.org/prop/direct/P166,http://www.wikidata.org/entity/Q17712,0,0.0,0.0,26160.0,0.44051022506558246
http://www.wikidata.org/entity/Q459506,http://www.wikidata.org/prop/direct/P131,http://www.wikidata.org/entity/Q23154,1,0.018861,69.664674,14907746.0,0.3820607233829072
http://www.wikidata.org/entity/Q1896148,http://www.wikidata.org/prop/direct/P6,http://www.wikidata.org/entity/Q332667,1,0.004367,0.131664,14484.0,0.43221753110060945
http://www.wikidata.org/entity/Q5267312,http://www.wikidata.org/prop/direct/P162,http://www.wikidata.org/entity/Q3378764,0,0.052632,0.067233,99.0,0.47205373898015973
http://www.wikidata.org/entity/Q1166355,http://www.wikidata.org/prop/direct/P161,http://www.wikidata.org/entity/Q1250743,0,0.019608,0.07253,532.0,0.44161523149107124
http://www.wikidata.org/entity/Q726294,http://www.wikidata.org/prop/direct/P272,http://www.wikidata.org/entity/Q17335612,1,0.027027,0.325551,715.0,0.5094110447884896
http://www.wikidata.org/entity/Q477299,http://www.wikidata.org/prop/direct/P57,http://www.wikidata.org/entity/Q2669356,1,0.092593,1.28647,870.0,0.5509283411484641
http://www.wikidata.org/entity/Q574597,http://www.wikidata.org/prop/direct/P19,http://www.wikidata.org/entity/Q142,1,1.7e-05,5.173098,130306684.0,0.30827550206197124
http://www.wikidata.org/entity/Q4327703,http://www.wikidata.org/prop/direct/P1416,http://www.wikidata.org/entity/Q593768,1,0.003817,0.117308,16872.0,0.41834367621924273
http://www.wikidata.org/entity/Q2165653,http://www.wikidata.org/prop/direct/P2578,http://www.wikidata.org/entity/Q161733,1,0.001206,0.145104,18561.0,0.4254532502924717
http://www.wikidata.org/entity/Q2438645,http://www.wikidata.org/prop/direct/P161,http://www.wikidata.org/entity/Q4859221,1,0.035088,0.128126,870.0,0.5033256416690517
http://www.wikidata.org/entity/Q60984270,http://www.wikidata.org/prop/direct/P2578,http://www.wikidata.org/entity/Q5532897,1,0.0,0.0,10540.0,0.44051022506558246
http://www.wikidata.org/entity/Q27959179,http://www.wikidata.org/prop/direct/P161,http://www.wikidata.org/entity/Q2630976,1,0.009804,0.067233,930.0,0.4056841926126676
http://www.wikidata.org/entity/Q1361708,http://www.wikidata.org/prop/direct/P2578,http://www.wikidata.org/entity/Q18362,1,0.0,0.0,26535.0,0.44051022506558246
http://www.wikidata.org/entity/Q1547948,http://www.wikidata.org/prop/direct/P19,http://www.wikidata.org/entity/Q49219,0,0.001529,0.120601,24600.0,0.4184550462742717
http://www.wikidata.org/entity/Q2738622,http://www.wikidata.org/prop/direct/P131,http://www.wikidata.org/entity/Q6805377,0,0.003695,0.322761,7254.0,0.4114016948141144
http://www.wikidata.org/entity/Q110365,http://www.wikidata.org/prop/direct/P272,http://www.wikidata.org/entity/Q605307,0,0.010363,0.221756,9450.0,0.4452845973481717
http://www.wikidata.org/entity/Q24401,http://www.wikidata.org/prop/direct/P1416,http://www.wikidata.org/entity/Q487556,0,0.000158,0.212335,2541176.0,0.4212671271200784
http://www.wikidata.org/entity/Q4734439,http://www.wikidata.org/prop/direct/P272,http://www.wikidata.org/entity/Q384930,1,0.013453,0.384106,1953.0,0.4601998216193919
http://www.wikidata.org/entity/Q16858400,http://www.wikidata.org/prop/direct/P57,http://www.wikidata.org/entity/Q312657,1,0.005249,0.128126,3730.0,0.42230486530969225
http://www.wikidata.org/entity/Q65031285,http://www.wikidata.org/prop/direct/P19,http://www.wikidata.org/entity/Q80009,1,0.052632,0.067233,91.0,0.47205373898015973
http://www.wikidata.org/entity/Q1745633,http://www.wikidata.org/prop/direct/P6,http://www.wikidata.org/entity/Q335589,1,0.003215,0.131664,24983.0,0.43256051239545057
http://www.wikidata.org/entity/Q866012,http://www.wikidata.org/prop/direct/P1416,http://www.wikidata.org/entity/Q777403,1,0.001084,2.356256,25614960.0,0.3295998924150435
http://www.wikidata.org/entity/Q16858400,http://www.wikidata.org/prop/direct/P57,http://www.wikidata.org/entity/Q1750628,0,0.006316,0.297,4680.0,0.4231793806770681
http://www.wikidata.org/entity/Q4157688,http://www.wikidata.org/prop/direct/P162,http://www.wikidata.org/entity/Q521135,1,0.02381,0.131664,1408.0,0.484365025999556
http://www.wikidata.org/entity/Q908316,http://www.wikidata.org/prop/direct/P166,http://www.wikidata.org/entity/Q7541057,1,0.007353,0.067233,2436.0,0.4116673739285401
http://www.wikidata.org/entity/Q4749055,http://www.wikidata.org/prop/direct/P57,http://www.wikidata.org/entity/Q26201765,0,0.0625,0.128126,253.0,0.4857141558344607
http://www.wikidata.org/entity/Q26818587,http://www.wikidata.org/prop/direct/P166,http://www.wikidata.org/entity/Q7191,0,0.0,0.0,9630.0,0.44051022506558246
http://www.wikidata.org/entity/Q8008437,http://www.wikidata.org/prop/direct/P20,http://www.wikidata.org/entity/Q1132588,0,0.010753,0.067233,1120.0,0.42283580536626747
http://www.wikidata.org/entity/Q333260,http://www.wikidata.org/prop/direct/P20,http://www.wikidata.org/entity/Q2620729,0,0.0,0.0,2597.0,0.44051022506558246
http://www.wikidata.org/entity/Q9316253,http://www.wikidata.org/prop/direct/P20,http://www.wikidata.org/entity/Q12205470,1,0.055556,0.072063,60.0,0.47316775202577316
http://www.wikidata.org/entity/Q19803462,http://www.wikidata.org/prop/direct/P162,http://www.wikidata.org/entity/Q15897,0,0.035533,1.849116,8379.0,0.5100112111306592
http://www.wikidata.org/entity/Q548446,http://www.wikidata.org/prop/direct/P161,http://www.wikidata.org/entity/Q5968600,0,0.031746,0.128126,1056.0,0.4988502274765261
http://www.wikidata.org/entity/Q3063122,http://www.wikidata.org/prop/direct/P166,http://www.wikidata.org/entity/Q604370,0,0.0,0.0,79056.0,0.44051022506558246
http://www.wikidata.org/entity/Q160302,http://www.wikidata.org/prop/direct/P131,http://www.wikidata.org/entity/Q16834597,1,0.000193,0.177356,82672.0,0.4054459121245145
http://www.wikidata.org/entity/Q12989335,http://www.wikidata.org/prop/direct/P272,http://www.wikidata.org/entity/Q7929249,1,0.0,0.0,504.0,0.44051022506558246
http://www.wikidata.org/entity/Q20949843,http://www.wikidata.org/prop/direct/P57,http://www.wikidata.org/entity/Q1443765,1,0.015625,0.128126,1200.0,0.46310992077657154
http://www.wikidata.org/entity/Q64746869,http://www.wikidata.org/prop/direct/P19,http://www.wikidata.org/entity/Q824,1,0.0,0.0,69030.0,0.44051022506558246
http://www.wikidata.org/entity/Q2738622,http://www.wikidata.org/prop/direct/P1416,http://www.wikidata.org/entity/Q7894508,1,0.00122,0.070771,12090.0,0.4114249435729528
http://www.wikidata.org/entity/Q30503669,http://www.wikidata.org/prop/direct/P2578,http://www.wikidata.org/entity/Q15709513,1,0.0,0.0,5733.0,0.44051022506558246
http://www.wikidata.org/entity/Q599095,http://www.wikidata.org/prop/direct/P57,http://www.wikidata.org/entity/Q202836,0,0.025,0.139058,1645.0,0.48998688984102773
http://www.wikidata.org/entity/Q21527457,http://www.wikidata.org/prop/direct/P162,http://www.wikidata.org/entity/Q3560425,0,0.066667,0.128126,220.0,0.4803749664204177
http://www.wikidata.org/entity/Q1661834,http://www.wikidata.org/prop/direct/P161,http://www.wikidata.org/entity/Q7492544,0,0.033333,0.07253,210.0,0.4652299038279513
http://www.wikidata.org/entity/Q3940537,http://www.wikidata.org/prop/direct/P162,http://www.wikidata.org/entity/Q1308545,1,0.03125,0.365913,2318.0,0.5109730333152157
http://www.wikidata.org/entity/Q5677307,http://www.wikidata.org/prop/direct/P166,http://www.wikidata.org/entity/Q80061,1,0.0,0.0,545680.0,0.44051022506558246
http://www.wikidata.org/entity/Q193503,http://www.wikidata.org/prop/direct/P19,http://www.wikidata.org/entity/Q1001891,0,0.005714,0.067233,7740.0,0.4116673739285401
http://www.wikidata.org/entity/Q426396,http://www.wikidata.org/prop/direct/P272,http://www.wikidata.org/entity/Q168383,0,0.000551,0.145264,154370.0,0.4254532502924717
http://www.wikidata.org/entity/Q6123196,http://www.wikidata.org/prop/direct/P1416,http://www.wikidata.org/entity/Q7894701,1,0.004854,0.093938,9452.0,0.4194217402311187
http://www.wikidata.org/entity/Q4734439,http://www.wikidata.org/prop/direct/P161,http://www.wikidata.org/entity/Q349690,1,0.008523,0.286335,3114.0,0.4326362234893745
http://www.wikidata.org/entity/Q1470520,http://www.wikidata.org/prop/direct/P2578,http://www.wikidata.org/entity/Q9418,1,0.000105,0.100781,1987632.0,0.42041433560180164
http://www.wikidata.org/entity/Q65031285,http://www.wikidata.org/prop/direct/P19,http://www.wikidata.org/entity/Q99,0,5.8e-05,0.128126,445016.0,0.42104206350199236
http://www.wikidata.org/entity/Q4735473,http://www.wikidata.org/prop/direct/P272,http://www.wikidata.org/entity/Q126399,0,0.000513,0.225442,42812.0,0.42271253188492625
http://www.wikidata.org/entity/Q426045,http://www.wikidata.org/prop/direct/P6,http://www.wikidata.org/entity/Q1442253,0,0.0,0.0,6688.0,0.44051022506558246
http://www.wikidata.org/entity/Q1547948,http://www.wikidata.org/prop/direct/P2578,http://www.wikidata.org/entity/Q715396,0,0.0,0.0,13960.0,0.44051022506558246
http://www.wikidata.org/entity/Q562481,http://www.wikidata.org/prop/direct/P2578,http://www.wikidata.org/entity/Q930416,0,0.0,0.0,207.0,0.44051022506558246
http://www.wikidata.org/entity/Q4196318,http://www.wikidata.org/prop/direct/P162,http://www.wikidata.org/entity/Q146929,1,0.017857,0.502735,2480.0,0.4868068049770087
http://www.wikidata.org/entity/Q319308,http://www.wikidata.org/prop/direct/P166,http://www.wikidata.org/entity/Q572316,1,0.002882,0.067233,21812.0,0.4116673739285401
http://www.wikidata.org/entity/Q62890,http://www.wikidata.org/prop/direct/P20,http://www.wikidata.org/entity/Q47265,1,0.00078,0.067233,46102.0,0.4113665138944557
http://www.wikidata.org/entity/Q4574404,http://www.wikidata.org/prop/direct/P162,http://www.wikidata.org/entity/Q7937589,0,0.043478,0.07253,144.0,0.46870085939355677
http://www.wikidata.org/entity/Q1711558,http://www.wikidata.org/prop/direct/P6,http://www.wikidata.org/entity/Q16200827,0,0.001271,0.060893,15360.0,0.42590085366849
http://www.wikidata.org/entity/Q111788,http://www.wikidata.org/prop/direct/P161,http://www.wikidata.org/entity/Q6768940,0,0.043478,0.131664,560.0,0.49942326441785434
http://www.wikidata.org/entity/Q319078,http://www.wikidata.org/prop/direct/P131,http://www.wikidata.org/entity/Q3141,1,0.032565,161.469676,52897740.0,0.4034797588388938
http://www.wikidata.org/entity/Q224130,http://www.wikidata.org/prop/direct/P272,http://www.wikidata.org/entity/Q1200552,1,0.01005,0.157337,9500.0,0.4355206290374485
http://www.wikidata.org/entity/Q7904929,http://www.wikidata.org/prop/direct/P57,http://www.wikidata.org/entity/Q3535762,1,0.009901,0.07253,1305.0,0.40553796583875834
http://www.wikidata.org/entity/Q35489916,http://www.wikidata.org/prop/direct/P19,http://www.wikidata.org/entity/Q656,1,0.0,0.0,754968.0,0.44051022506558246
http://www.wikidata.org/entity/Q165053,http://www.wikidata.org/prop/direct/P131,http://www.wikidata.org/entity/Q853945,0,0.002907,0.07253,12200.0,0.40288565203207766
http://www.wikidata.org/entity/Q604444,http://www.wikidata.org/prop/direct/P6,http://www.wikidata.org/entity/Q61788002,0,0.0,0.0,7305.0,0.44051022506558246
http://www.wikidata.org/entity/Q7229788,http://www.wikidata.org/prop/direct/P1416,http://www.wikidata.org/entity/Q2096,0,0.000262,0.074643,19100.0,0.41177098703072734
http://www.wikidata.org/entity/Q225885,http://www.wikidata.org/prop/direct/P162,http://www.wikidata.org/entity/Q1052932,1,0.018868,0.060893,725.0,0.44134688074869177
http://www.wikidata.org/entity/Q599095,http://www.wikidata.org/prop/direct/P161,http://www.wikidata.org/entity/Q232419,1,0.009901,0.060893,2585.0,0.4058255045552226
http://www.wikidata.org/entity/Q93532910,http://www.wikidata.org/prop/direct/P166,http://www.wikidata.org/entity/Q1419633,1,0.015385,0.11236,989.0,0.4462728399744827
http://www.wikidata.org/entity/Q110687750,http://www.wikidata.org/prop/direct/P20,http://www.wikidata.org/entity/Q862658,1,0.0,0.0,625.0,0.44051022506558246
http://www.wikidata.org/entity/Q18394997,http://www.wikidata.org/prop/direct/P19,http://www.wikidata.org/entity/Q3116127,0,0.013699,0.067233,1008.0,0.4371129145248824
http://www.wikidata.org/entity/Q2166701,http://www.wikidata.org/prop/direct/P131,http://www.wikidata.org/entity/Q11725,0,0.0,0.0,533856.0,0.4389843459847889
http://www.wikidata.org/entity/Q1543837,http://www.wikidata.org/prop/direct/P272,http://www.wikidata.org/entity/Q1348264,0,0.016129,0.145264,2813.0,0.49071006635495984
http://www.wikidata.org/entity/Q4327703,http://www.wikidata.org/prop/direct/P1416,http://www.wikidata.org/entity/Q189710,0,0.001553,0.447628,172976.0,0.4190899423265137
http://www.wikidata.org/entity/Q1075625,http://www.wikidata.org/prop/direct/P6,http://www.wikidata.org/entity/Q8048390,1,0.014815,0.189371,2712.0,0.4619104333718743
http://www.wikidata.org/entity/Q1474019,http://www.wikidata.org/prop/direct/P1416,http://www.wikidata.org/entity/Q4039199,1,0.0,0.0,3123.0,0.44051022506558246
http://www.wikidata.org/entity/Q7929282,http://www.wikidata.org/prop/direct/P131,http://www.wikidata.org/entity/Q1185,1,4.7e-05,0.07253,2650375.0,0.40288565203207766
http://www.wikidata.org/entity/Q7687461,http://www.wikidata.org/prop/direct/P6,http://www.wikidata.org/entity/Q6830287,1,0.047619,0.078165,96.0,0.4745324989128622
http://www.wikidata.org/entity/Q6480131,http://www.wikidata.org/prop/direct/P131,http://www.wikidata.org/entity/Q2452748,0,0.058824,0.07253,65.0,0.4780935662164897
http://www.wikidata.org/entity/Q1474019,http://www.wikidata.org/prop/direct/P6,http://www.wikidata.org/entity/Q1557763,0,0.00186,0.131664,37476.0,0.43256051239545057
http://www.wikidata.org/entity/Q7932713,http://www.wikidata.org/prop/direct/P1416,http://www.wikidata.org/entity/Q3634084,0,0.092593,0.610517,528.0,0.5374469812110356
http://www.wikidata.org/entity/Q4729930,http://www.wikidata.org/prop/direct/P162,http://www.wikidata.org/entity/Q7341609,1,0.0,0.0,952.0,0.44051022506558246
http://www.wikidata.org/entity/Q12989335,http://www.wikidata.org/prop/direct/P161,http://www.wikidata.org/entity/Q151798,1,0.0,0.0,700.0,0.44051022506558246
http://www.wikidata.org/entity/Q713358,http://www.wikidata.org/prop/direct/P166,http://www.wikidata.org/entity/Q85700,1,0.072464,0.420518,1320.0,0.5092686941757317
http://www.wikidata.org/entity/Q40675750,http://www.wikidata.org/prop/direct/P20,http://www.wikidata.org/entity/Q23556,1,0.000164,0.138996,91080.0,0.42592889184522764
http://www.wikidata.org/entity/Q55624932,http://www.wikidata.org/prop/direct/P19,http://www.wikidata.org/entity/Q145,0,4e-06,0.680767,17806893.0,0.3839619686113348
http://www.wikidata.org/entity/Q2438645,http://www.wikidata.org/prop/direct/P272,http://www.wikidata.org/entity/Q5578783,0,0.016949,0.067233,899.0,0.45071555405333735
http://www.wikidata.org/entity/Q19600080,http://www.wikidata.org/prop/direct/P6,http://www.wikidata.org/entity/Q4769705,0,0.071429,0.086955,50.0,0.4648429822934311
http://www.wikidata.org/entity/Q1927177,http://www.wikidata.org/prop/direct/P2578,http://www.wikidata.org/entity/Q2084504,0,0.0,0.0,483.0,0.44051022506558246
http://www.wikidata.org/entity/Q92744,http://www.wikidata.org/prop/direct/P2578,http://www.wikidata.org/entity/Q40056,0,0.0,0.0,82654.0,0.44051022506558246
http://www.wikidata.org/entity/Q675335,http://www.wikidata.org/prop/direct/P161,http://www.wikidata.org/entity/Q738291,1,0.02381,0.168926,1273.0,0.4848422538341843
http://www.wikidata.org/entity/Q426396,http://www.wikidata.org/prop/direct/P57,http://www.wikidata.org/entity/Q26806,0,0.009662,0.128126,7138.0,0.4241192275905854
http://www.wikidata.org/entity/Q40675750,http://www.wikidata.org/prop/direct/P20,http://www.wikidata.org/entity/Q1428,0,0.000177,0.114792,84405.0,0.42028656401733616
http://www.wikidata.org/entity/Q3471116,http://www.wikidata.org/prop/direct/P20,http://www.wikidata.org/entity/Q1009290,0,0.009434,0.070771,1602.0,0.40529793966871275
http://www.wikidata.org/entity/Q562321,http://www.wikidata.org/prop/direct/P20,http://www.wikidata.org/entity/Q39121,1,0.00115,0.232903,102840.0,0.424818479898839
http://www.wikidata.org/entity/Q86926389,http://www.wikidata.org/prop/direct/P57,http://www.wikidata.org/entity/Q60673914,0,0.0,0.0,130.0,0.44051022506558246
http://www.wikidata.org/entity/Q93532910,http://www.wikidata.org/prop/direct/P166,http://www.wikidata.org/entity/Q4806451,0,0.0,0.0,782.0,0.44051022506558246
http://www.wikidata.org/entity/Q494264,http://www.wikidata.org/prop/direct/P20,http://www.wikidata.org/entity/Q242,0,0.00018,0.060893,330000.0,0.4113665138944557
http://www.wikidata.org/entity/Q309879,http://www.wikidata.org/prop/direct/P20,http://www.wikidata.org/entity/Q1133544,0,0.00885,0.067233,2888.0,0.42369485465885465
http://www.wikidata.org/entity/Q884523,http://www.wikidata.org/prop/direct/P162,http://www.wikidata.org/entity/Q1750628,0,0.014737,0.894535,6552.0,0.4677593059321038
http://www.wikidata.org/entity/Q1093219,http://www.wikidata.org/prop/direct/P161,http://www.wikidata.org/entity/Q2409726,0,0.03125,1.399145,6716.0,0.5353752215470514
http://www.wikidata.org/entity/Q3036147,http://www.wikidata.org/prop/direct/P162,http://www.wikidata.org/entity/Q8704,1,0.004878,0.4696,10543.0,0.4259240352302978
http://www.wikidata.org/entity/Q74243861,http://www.wikidata.org/prop/direct/P166,http://www.wikidata.org/entity/Q4743021,1,0.0,0.0,121.0,0.44051022506558246
http://www.wikidata.org/entity/Q4689595,http://www.wikidata.org/prop/direct/P57,http://www.wikidata.org/entity/Q48373,0,0.009346,0.060893,1067.0,0.40508362176151774
http://www.wikidata.org/entity/Q23840354,http://www.wikidata.org/prop/direct/P162,http://www.wikidata.org/entity/Q5215774,0,0.052632,0.131664,375.0,0.4933689125906274
http://www.wikidata.org/entity/Q726294,http://www.wikidata.org/prop/direct/P161,http://www.wikidata.org/entity/Q507162,0,0.025641,0.128126,975.0,0.4837112290439941
http://www.wikidata.org/entity/Q74243861,http://www.wikidata.org/prop/direct/P166,http://www.wikidata.org/entity/Q7646183,0,0.0,0.0,66.0,0.44051022506558246
http://www.wikidata.org/entity/Q5228135,http://www.wikidata.org/prop/direct/P131,http://www.wikidata.org/entity/Q519486,1,0.005208,0.07253,7830.0,0.40288565203207766
http://www.wikidata.org/entity/Q1458113,http://www.wikidata.org/prop/direct/P131,http://www.wikidata.org/entity/Q3893303,1,0.000711,0.074643,11192.0,0.40441934934154256
http://www.wikidata.org/entity/Q624609,http://www.wikidata.org/prop/direct/P272,http://www.wikidata.org/entity/Q1348264,1,0.014493,0.145264,4171.0,0.460400152237904
http://www.wikidata.org/entity/Q2837541,http://www.wikidata.org/prop/direct/P57,http://www.wikidata.org/entity/Q2053693,1,0.009524,0.067233,960.0,0.40554037002430005
http://www.wikidata.org/entity/Q1359990,http://www.wikidata.org/prop/direct/P19,http://www.wikidata.org/entity/Q1166,1,0.000265,0.386162,826839.0,0.41770142858294534
http://www.wikidata.org/entity/Q19865330,http://www.wikidata.org/prop/direct/P2578,http://www.wikidata.org/entity/Q39286,1,0.000422,0.099061,214226.0,0.42041433560180164
http://www.wikidata.org/entity/Q557597,http://www.wikidata.org/prop/direct/P6,http://www.wikidata.org/entity/Q1394990,0,0.002703,0.156203,12358.0,0.4312199847315767
http://www.wikidata.org/entity/Q2738622,http://www.wikidata.org/prop/direct/P131,http://www.wikidata.org/entity/Q1142118,1,0.004537,2.572589,599664.0,0.3420688760949304
http://www.wikidata.org/entity/Q156492,http://www.wikidata.org/prop/direct/P19,http://www.wikidata.org/entity/Q2300959,0,0.006944,0.067233,2904.0,0.4116673739285401
http://www.wikidata.org/entity/Q3036147,http://www.wikidata.org/prop/direct/P272,http://www.wikidata.org/entity/Q10752679,0,0.0,0.0,130.0,0.44051022506558246
http://www.wikidata.org/entity/Q2738646,http://www.wikidata.org/prop/direct/P6,http://www.wikidata.org/entity/Q19874642,0,0.004673,0.131664,10504.0,0.43221753110060945
http://www.wikidata.org/entity/Q92604,http://www.wikidata.org/prop/direct/P2578,http://www.wikidata.org/entity/Q178648,0,0.005051,0.108545,9198.0,0.4206802359061191
http://www.wikidata.org/entity/Q61793212,http://www.wikidata.org/prop/direct/P2578,http://www.wikidata.org/entity/Q546113,0,0.0,0.0,17066.0,0.44051022506558246
http://www.wikidata.org/entity/Q3036147,http://www.wikidata.org/prop/direct/P57,http://www.wikidata.org/entity/Q8704,0,0.004878,0.4696,10543.0,0.4273842232452333
http://www.wikidata.org/entity/Q27959179,http://www.wikidata.org/prop/direct/P162,http://www.wikidata.org/entity/Q8018206,0,0.025,0.067233,310.0,0.46806051870387616
http://www.wikidata.org/entity/Q16858400,http://www.wikidata.org/prop/direct/P161,http://www.wikidata.org/entity/Q1750628,0,0.006316,0.297,4680.0,0.4217191926621327
http://www.wikidata.org/entity/Q937,http://www.wikidata.org/prop/direct/P166,http://www.wikidata.org/entity/Q178036,0,0.002048,0.79928,520800.0,0.3696750988464992
http://www.wikidata.org/entity/Q1423677,http://www.wikidata.org/prop/direct/P131,http://www.wikidata.org/entity/Q1477253,1,0.0,0.0,1440.0,0.4389843459847889
http://www.wikidata.org/entity/Q1201513,http://www.wikidata.org/prop/direct/P131,http://www.wikidata.org/entity/Q133073,1,0.031177,175.244823,25523148.0,0.4010429479023886
http://www.wikidata.org/entity/Q884523,http://www.wikidata.org/prop/direct/P272,http://www.wikidata.org/entity/Q384930,1,0.022124,0.715208,3038.0,0.5036619514557789
http://www.wikidata.org/entity/Q3940537,http://www.wikidata.org/prop/direct/P57,http://www.wikidata.org/entity/Q1010436,1,0.022388,0.362821,3762.0,0.4795028637700985
http://www.wikidata.org/entity/Q7509,http://www.wikidata.org/prop/direct/P19,http://www.wikidata.org/entity/Q1400,1,7.2e-05,0.067233,455103.0,0.4113665138944557
http://www.wikidata.org/entity/Q529053,http://www.wikidata.org/prop/direct/P57,http://www.wikidata.org/entity/Q1660403,0,0.037383,0.482994,2924.0,0.5188961382264097
http://www.wikidata.org/entity/Q76951,http://www.wikidata.org/prop/direct/P20,http://www.wikidata.org/entity/Q1781,0,0.000216,1.635819,1814456.0,0.3192950096434601
http://www.wikidata.org/entity/Q30237695,http://www.wikidata.org/prop/direct/P20,http://www.wikidata.org/entity/Q284556,1,0.017391,0.226446,1442.0,0.4771479297830155
http://www.wikidata.org/entity/Q96279597,http://www.wikidata.org/prop/direct/P19,http://www.wikidata.org/entity/Q5465,0,0.000266,0.121541,26313.0,0.4184550462742717
http://www.wikidata.org/entity/Q225885,http://www.wikidata.org/prop/direct/P272,http://www.wikidata.org/entity/Q1138789,0,0.008584,0.145264,5974.0,0.44279077081665474
http://www.wikidata.org/entity/Q110278,http://www.wikidata.org/prop/direct/P272,http://www.wikidata.org/entity/Q17335612,1,0.021505,0.325551,924.0,0.47670808824404565
http://www.wikidata.org/entity/Q466423,http://www.wikidata.org/prop/direct/P57,http://www.wikidata.org/entity/Q766818,1,0.013333,0.067233,1083.0,0.4371522758415302
http://www.wikidata.org/entity/Q2635211,http://www.wikidata.org/prop/direct/P19,http://www.wikidata.org/entity/Q19798,1,0.0,0.0,5014.0,0.44051022506558246
http://www.wikidata.org/entity/Q7896511,http://www.wikidata.org/prop/direct/P6,http://www.wikidata.org/entity/Q439174,1,0.013889,0.070771,630.0,0.4453083653002285
http://www.wikidata.org/entity/Q6122077,http://www.wikidata.org/prop/direct/P1416,http://www.wikidata.org/entity/Q3345459,1,0.002427,0.07253,33330.0,0.4107113350193354
http://www.wikidata.org/entity/Q2913302,http://www.wikidata.org/prop/direct/P2578,http://www.wikidata.org/entity/Q18334,1,0.0,0.0,31212.0,0.44051022506558246
http://www.wikidata.org/entity/Q303678,http://www.wikidata.org/prop/direct/P57,http://www.wikidata.org/entity/Q917295,0,0.045455,1.5863,4760.0,0.5184830669099042
http://www.wikidata.org/entity/Q1130910,http://www.wikidata.org/prop/direct/P162,http://www.wikidata.org/entity/Q1067,0,0.001431,0.170378,39556.0,0.42277247323021566
http://www.wikidata.org/entity/Q4749055,http://www.wikidata.org/prop/direct/P161,http://www.wikidata.org/entity/Q23683392,0,0.064516,0.128126,230.0,0.48064786109752183
http://www.wikidata.org/entity/Q1359990,http://www.wikidata.org/prop/direct/P166,http://www.wikidata.org/entity/Q48712450,0,0.0,0.0,555.0,0.44051022506558246
http://www.wikidata.org/entity/Q823917,http://www.wikidata.org/prop/direct/P131,http://www.wikidata.org/entity/Q12956644,1,0.002865,6.753381,6594544.0,0.320712900417996
http://www.wikidata.org/entity/Q1440249,http://www.wikidata.org/prop/direct/P272,http://www.wikidata.org/entity/Q465224,1,0.005618,0.145264,10137.0,0.42691343830740713
http://www.wikidata.org/entity/Q5216081,http://www.wikidata.org/prop/direct/P57,http://www.wikidata.org/entity/Q319723,1,0.015873,0.290768,1472.0,0.4719853243476386
http://www.wikidata.org/entity/Q948447,http://www.wikidata.org/prop/direct/P19,http://www.wikidata.org/entity/Q1297,1,0.000177,0.333082,473529.0,0.41817589791134757
http://www.wikidata.org/entity/Q28695,http://www.wikidata.org/prop/direct/P1416,http://www.wikidata.org/entity/Q962467,1,0.00014,0.40243,206480.0,0.4180833462503059
http://www.wikidata.org/entity/Q2738646,http://www.wikidata.org/prop/direct/P131,http://www.wikidata.org/entity/Q21683242,0,0.000938,0.070771,267852.0,0.4042137864745287
http://www.wikidata.org/entity/Q2744209,http://www.wikidata.org/prop/direct/P1416,http://www.wikidata.org/entity/Q19604,0,0.000586,0.070771,711432.0,0.4114249435729528
http://www.wikidata.org/entity/Q726294,http://www.wikidata.org/prop/direct/P161,http://www.wikidata.org/entity/Q169946,1,0.021739,0.280151,4940.0,0.47960582563096965
http://www.wikidata.org/entity/Q192775,http://www.wikidata.org/prop/direct/P6,http://www.wikidata.org/entity/Q438702,1,0.000686,0.4843,174270.0,0.44872191960873187
http://www.wikidata.org/entity/Q562481,http://www.wikidata.org/prop/direct/P2578,http://www.wikidata.org/entity/Q753291,1,0.0,0.0,14559.0,0.44051022506558246
http://www.wikidata.org/entity/Q5226867,http://www.wikidata.org/prop/direct/P162,http://www.wikidata.org/entity/Q6933426,1,0.04,0.377085,992.0,0.5133400454940035
http://www.wikidata.org/entity/Q981867,http://www.wikidata.org/prop/direct/P166,http://www.wikidata.org/entity/Q270794,1,0.000172,0.067233,237021.0,0.4113665138944557
http://www.wikidata.org/entity/Q157250,http://www.wikidata.org/prop/direct/P20,http://www.wikidata.org/entity/Q1070328,1,0.009009,0.070771,535.0,0.42345242430326735
http://www.wikidata.org/entity/Q193196,http://www.wikidata.org/prop/direct/P131,http://www.wikidata.org/entity/Q234178,0,0.000279,0.852215,18485694.0,0.36387302030743124
http://www.wikidata.org/entity/Q1458113,http://www.wikidata.org/prop/direct/P1416,http://www.wikidata.org/entity/Q1973,0,0.000313,4.663171,60715201.0,0.3107959578581693
http://www.wikidata.org/entity/Q4689595,http://www.wikidata.org/prop/direct/P162,http://www.wikidata.org/entity/Q762558,1,0.003356,0.067233,3168.0,0.4116673739285401
http://www.wikidata.org/entity/Q1661834,http://www.wikidata.org/prop/direct/P161,http://www.wikidata.org/entity/Q901655,1,0.036364,0.178988,756.0,0.4979041884097939
http://www.wikidata.org/entity/Q948447,http://www.wikidata.org/prop/direct/P166,http://www.wikidata.org/entity/Q6175526,1,0.013514,0.067233,1134.0,0.43549488998190994
http://www.wikidata.org/entity/Q7894923,http://www.wikidata.org/prop/direct/P6,http://www.wikidata.org/entity/Q1360315,1,0.0,0.0,20.0,0.44051022506558246
http://www.wikidata.org/entity/Q95472994,http://www.wikidata.org/prop/direct/P2578,http://www.wikidata.org/entity/Q9418,1,0.000215,0.375689,111456.0,0.4158769938583469
http://www.wikidata.org/entity/Q948447,http://www.wikidata.org/prop/direct/P19,http://www.wikidata.org/entity/Q100,0,6.8e-05,0.067233,307188.0,0.4113665138944557
http://www.wikidata.org/entity/Q111788,http://www.wikidata.org/prop/direct/P272,http://www.wikidata.org/entity/Q661896,0,0.001391,0.070771,19376.0,0.4114249435729528
http://www.wikidata.org/entity/Q426396,http://www.wikidata.org/prop/direct/P272,http://www.wikidata.org/entity/Q26806,1,0.009662,0.128126,7138.0,0.4241192275905854
http://www.wikidata.org/entity/Q86926389,http://www.wikidata.org/prop/direct/P57,http://www.wikidata.org/entity/Q2865325,1,0.0,0.0,820.0,0.44051022506558246
http://www.wikidata.org/entity/Q54818644,http://www.wikidata.org/prop/direct/P19,http://www.wikidata.org/entity/Q1384,1,0.000107,0.128126,1384244.0,0.42104206350199236
http://www.wikidata.org/entity/Q1570483,http://www.wikidata.org/prop/direct/P6,http://www.wikidata.org/entity/Q57340,1,0.014286,0.127778,1188.0,0.45878069613857947
http://www.wikidata.org/entity/Q1370721,http://www.wikidata.org/prop/direct/P1416,http://www.wikidata.org/entity/Q3345459,1,0.001107,0.07253,182103.0,0.4107113350193354
http://www.wikidata.org/entity/Q1094742,http://www.wikidata.org/prop/direct/P131,http://www.wikidata.org/entity/Q188304,1,0.023232,11.790267,177862.0,0.38512790224601445
http://www.wikidata.org/entity/Q7896511,http://www.wikidata.org/prop/direct/P6,http://www.wikidata.org/entity/Q20763570,0,0.0,0.0,110.0,0.44051022506558246
http://www.wikidata.org/entity/Q5304291,http://www.wikidata.org/prop/direct/P131,http://www.wikidata.org/entity/Q200017,1,0.002028,0.07253,60984.0,0.40288565203207766
http://www.wikidata.org/entity/Q2005647,http://www.wikidata.org/prop/direct/P6,http://www.wikidata.org/entity/Q4805139,1,0.00211,0.07253,3276.0,0.42688273937373494
http://www.wikidata.org/entity/Q548446,http://www.wikidata.org/prop/direct/P57,http://www.wikidata.org/entity/Q310315,0,0.021277,0.371383,3663.0,0.47410102378930197
http://www.wikidata.org/entity/Q16844930,http://www.wikidata.org/prop/direct/P162,http://www.wikidata.org/entity/Q3142266,0,0.042105,0.725738,810.0,0.5468130249573314
http://www.wikidata.org/entity/Q466423,http://www.wikidata.org/prop/direct/P161,http://www.wikidata.org/entity/Q271808,0,0.027027,0.128126,1083.0,0.4969429261245795
http://www.wikidata.org/entity/Q713358,http://www.wikidata.org/prop/direct/P166,http://www.wikidata.org/entity/Q24081923,0,0.006757,0.507448,24288.0,0.44332506469940125
http://www.wikidata.org/entity/Q602600,http://www.wikidata.org/prop/direct/P272,http://www.wikidata.org/entity/Q5448886,1,0.011696,0.148802,5032.0,0.4420530707100569
http://www.wikidata.org/entity/Q1065146,http://www.wikidata.org/prop/direct/P57,http://www.wikidata.org/entity/Q8050087,1,0.0,0.0,952.0,0.44051022506558246
http://www.wikidata.org/entity/Q777148,http://www.wikidata.org/prop/direct/P19,http://www.wikidata.org/entity/Q100,1,0.00027,0.496754,2501388.0,0.44332506469940125
http://www.wikidata.org/entity/Q7895604,http://www.wikidata.org/prop/direct/P1416,http://www.wikidata.org/entity/Q2867626,1,0.004329,0.07253,7056.0,0.4107113350193354
http://www.wikidata.org/entity/Q17418093,http://www.wikidata.org/prop/direct/P2578,http://www.wikidata.org/entity/Q1660049,1,0.0,0.0,2145.0,0.44051022506558246
http://www.wikidata.org/entity/Q7915554,http://www.wikidata.org/prop/direct/P131,http://www.wikidata.org/entity/Q200049,0,0.006993,0.07253,695.0,0.40288565203207766
http://www.wikidata.org/entity/Q7895155,http://www.wikidata.org/prop/direct/P6,http://www.wikidata.org/entity/Q41187247,0,0.001838,0.07253,5350.0,0.42688273937373494
http://www.wikidata.org/entity/Q19600080,http://www.wikidata.org/prop/direct/P1416,http://www.wikidata.org/entity/Q8050521,0,0.125,0.086955,20.0,0.4643773835844932
http://www.wikidata.org/entity/Q85678863,http://www.wikidata.org/prop/direct/P2578,http://www.wikidata.org/entity/Q395,0,0.0,0.0,49160.0,0.44051022506558246
http://www.wikidata.org/entity/Q1861974,http://www.wikidata.org/prop/direct/P131,http://www.wikidata.org/entity/Q2495783,0,0.007246,0.070771,2074.0,0.4042137864745287
http://www.wikidata.org/entity/Q1249005,http://www.wikidata.org/prop/direct/P1416,http://www.wikidata.org/entity/Q4732335,0,0.001376,0.197932,10136.0,0.42382890029047204
http://www.wikidata.org/entity/Q42855162,http://www.wikidata.org/prop/direct/P2578,http://www.wikidata.org/entity/Q9418,0,0.000323,0.385412,157896.0,0.4175116155566137
http://www.wikidata.org/entity/Q629819,http://www.wikidata.org/prop/direct/P162,http://www.wikidata.org/entity/Q296796,1,0.007463,0.153578,9389.0,0.4234654589027116
http://www.wikidata.org/entity/Q1093219,http://www.wikidata.org/prop/direct/P161,http://www.wikidata.org/entity/Q553575,1,0.060345,1.873845,3650.0,0.5057015852841436
http://www.wikidata.org/entity/Q18224055,http://www.wikidata.org/prop/direct/P166,http://www.wikidata.org/entity/Q16581,1,0.036364,0.283405,3128.0,0.5101223893651755
http://www.wikidata.org/entity/Q184577,http://www.wikidata.org/prop/direct/P20,http://www.wikidata.org/entity/Q5083,1,0.000124,0.067233,288324.0,0.4113665138944557
http://www.wikidata.org/entity/Q914915,http://www.wikidata.org/prop/direct/P19,http://www.wikidata.org/entity/Q1020,0,9.1e-05,0.060893,558603.0,0.4113665138944557
http://www.wikidata.org/entity/Q466423,http://www.wikidata.org/prop/direct/P272,http://www.wikidata.org/entity/Q170063,0,0.0,0.0,6555.0,0.44051022506558246
http://www.wikidata.org/entity/Q1130910,http://www.wikidata.org/prop/direct/P272,http://www.wikidata.org/entity/Q2644123,1,0.003289,0.458214,52886.0,0.4210741909506886
http://www.wikidata.org/entity/Q4751336,http://www.wikidata.org/prop/direct/P57,http://www.wikidata.org/entity/Q7586467,1,0.034483,0.189129,891.0,0.4961043645405809
http://www.wikidata.org/entity/Q61721834,http://www.wikidata.org/prop/direct/P19,http://www.wikidata.org/entity/Q18426,1,0.000613,0.237125,87453.0,0.4236199172596423
http://www.wikidata.org/entity/Q7681277,http://www.wikidata.org/prop/direct/P6,http://www.wikidata.org/entity/Q328586,1,0.0,0.0,28.0,0.44051022506558246
http://www.wikidata.org/entity/Q7894923,http://www.wikidata.org/prop/direct/P1416,http://www.wikidata.org/entity/Q3345459,1,0.003268,0.07253,1212.0,0.4107113350193354
http://www.wikidata.org/entity/Q60751878,http://www.wikidata.org/prop/direct/P2578,http://www.wikidata.org/entity/Q161272,1,0.001911,0.398332,115192.0,0.41813735189140644
http://www.wikidata.org/entity/Q38004495,http://www.wikidata.org/prop/direct/P19,http://www.wikidata.org/entity/Q159288,0,0.001485,0.187653,26580.0,0.4229822724726725
http://www.wikidata.org/entity/Q319078,http://www.wikidata.org/prop/direct/P131,http://www.wikidata.org/entity/Q2563357,0,0.000487,0.837306,475020.0,0.36387302030743124
http://www.wikidata.org/entity/Q329127,http://www.wikidata.org/prop/direct/P272,http://www.wikidata.org/entity/Q183976,0,0.0,0.0,80408.0,0.44051022506558246
http://www.wikidata.org/entity/Q170027,http://www.wikidata.org/prop/direct/P6,http://www.wikidata.org/entity/Q132489,0,0.000157,0.10605,842400.0,0.43644675633782
http://www.wikidata.org/entity/Q573954,http://www.wikidata.org/prop/direct/P1416,http://www.wikidata.org/entity/Q3989083,0,0.001916,0.08359,2076.0,0.411063711290372
http://www.wikidata.org/entity/Q1359990,http://www.wikidata.org/prop/direct/P2578,http://www.wikidata.org/entity/Q395,0,0.0,0.0,1364190.0,0.44051022506558246
http://www.wikidata.org/entity/Q466423,http://www.wikidata.org/prop/direct/P162,http://www.wikidata.org/entity/Q199927,0,0.015625,0.78801,11571.0,0.489128477750048
http://www.wikidata.org/entity/Q27959179,http://www.wikidata.org/prop/direct/P161,http://www.wikidata.org/entity/Q8018206,0,0.025,0.067233,310.0,0.46806051870387616
http://www.wikidata.org/entity/Q1144951,http://www.wikidata.org/prop/direct/P131,http://www.wikidata.org/entity/Q1291266,1,0.025316,0.258668,828.0,0.4812598024239089
http://www.wikidata.org/entity/Q23781155,http://www.wikidata.org/prop/direct/P272,http://www.wikidata.org/entity/Q367466,1,0.014742,1.189529,32542.0,0.44111916233486714
http://www.wikidata.org/entity/Q602600,http://www.wikidata.org/prop/direct/P57,http://www.wikidata.org/entity/Q26806,1,0.00995,0.128126,6142.0,0.42916025716053596
http://www.wikidata.org/entity/Q58894965,http://www.wikidata.org/prop/direct/P19,http://www.wikidata.org/entity/Q1537,1,0.0,0.0,95544.0,0.44051022506558246
http://www.wikidata.org/entity/Q477299,http://www.wikidata.org/prop/direct/P162,http://www.wikidata.org/entity/Q7710517,0,0.051724,0.487091,928.0,0.5227140544354829
http://www.wikidata.org/entity/Q896045,http://www.wikidata.org/prop/direct/P161,http://www.wikidata.org/entity/Q2271278,0,0.0,0.0,495.0,0.44051022506558246
http://www.wikidata.org/entity/Q7901222,http://www.wikidata.org/prop/direct/P20,http://www.wikidata.org/entity/Q183,0,1e-06,0.18567,121434624.0,0.4229822724726725
http://www.wikidata.org/entity/Q23840354,http://www.wikidata.org/prop/direct/P162,http://www.wikidata.org/entity/Q24285772,1,0.032258,0.070771,255.0,0.4706583845150558
http://www.wikidata.org/entity/Q4588704,http://www.wikidata.org/prop/direct/P166,http://www.wikidata.org/entity/Q1912401,1,0.0,0.0,3510.0,0.44051022506558246
http://www.wikidata.org/entity/Q2744209,http://www.wikidata.org/prop/direct/P6,http://www.wikidata.org/entity/Q580927,0,0.002685,0.131664,17352.0,0.43256051239545057
http://www.wikidata.org/entity/Q7932229,http://www.wikidata.org/prop/direct/P2578,http://www.wikidata.org/entity/Q4659847,0,0.0,0.0,45.0,0.44051022506558246
http://www.wikidata.org/entity/Q53996608,http://www.wikidata.org/prop/direct/P19,http://www.wikidata.org/entity/Q726648,0,0.0,0.0,17712.0,0.44051022506558246
http://www.wikidata.org/entity/Q12989335,http://www.wikidata.org/prop/direct/P272,http://www.wikidata.org/entity/Q16947382,0,0.055556,0.07253,70.0,0.47316775202577316
http://www.wikidata.org/entity/Q7929282,http://www.wikidata.org/prop/direct/P1416,http://www.wikidata.org/entity/Q3345459,1,0.002342,0.07253,37875.0,0.4107113350193354
http://www.wikidata.org/entity/Q4424359,http://www.wikidata.org/prop/direct/P161,http://www.wikidata.org/entity/Q234798,1,0.017241,0.131664,1881.0,0.4774007223832706
http://www.wikidata.org/entity/Q1547948,http://www.wikidata.org/prop/direct/P2578,http://www.wikidata.org/entity/Q10251,1,0.0,0.0,4640.0,0.44051022506558246
http://www.wikidata.org/entity/Q4735473,http://www.wikidata.org/prop/direct/P57,http://www.wikidata.org/entity/Q4894287,0,0.066667,0.128126,231.0,0.48127758151952466
http://www.wikidata.org/entity/Q5677307,http://www.wikidata.org/prop/direct/P166,http://www.wikidata.org/entity/Q7215,0,0.000694,2.308666,5050412.0,0.32952580095598166
http://www.wikidata.org/entity/Q15431410,http://www.wikidata.org/prop/direct/P20,http://www.wikidata.org/entity/Q816,0,0.000156,0.067233,89586.0,0.4113665138944557
http://www.wikidata.org/entity/Q49325,http://www.wikidata.org/prop/direct/P20,http://www.wikidata.org/entity/Q103149151,0,0.0,0.0,1244.0,0.44051022506558246
http://www.wikidata.org/entity/Q21009248,http://www.wikidata.org/prop/direct/P162,http://www.wikidata.org/entity/Q55599897,1,0.060606,0.144144,264.0,0.4951255607464935
http://www.wikidata.org/entity/Q914915,http://www.wikidata.org/prop/direct/P166,http://www.wikidata.org/entity/Q402425,1,0.0,0.0,3621.0,0.44051022506558246
http://www.wikidata.org/entity/Q5541249,http://www.wikidata.org/prop/direct/P20,http://www.wikidata.org/entity/Q99,1,5.8e-05,0.128126,718872.0,0.42104206350199236
http://www.wikidata.org/entity/Q2837453,http://www.wikidata.org/prop/direct/P57,http://www.wikidata.org/entity/Q6123628,0,0.042553,0.16103,588.0,0.5038759921075876
http://www.wikidata.org/entity/Q4734439,http://www.wikidata.org/prop/direct/P162,http://www.wikidata.org/entity/Q3560601,0,0.028571,0.067233,243.0,0.4885996891297692
http://www.wikidata.org/entity/Q1141746,http://www.wikidata.org/prop/direct/P161,http://www.wikidata.org/entity/Q239145,0,0.012821,0.128126,5400.0,0.45692564638951005
http://www.wikidata.org/entity/Q3122110,http://www.wikidata.org/prop/direct/P166,http://www.wikidata.org/entity/Q21201,0,0.000328,0.362743,212170.0,0.4142767754047117
http://www.wikidata.org/entity/Q1247544,http://www.wikidata.org/prop/direct/P131,http://www.wikidata.org/entity/Q103177460,1,0.0,0.0,2268.0,0.4389843459847889
http://www.wikidata.org/entity/Q16858400,http://www.wikidata.org/prop/direct/P272,http://www.wikidata.org/entity/Q384930,1,0.008889,0.236107,2170.0,0.43055346319298415
http://www.wikidata.org/entity/Q2922705,http://www.wikidata.org/prop/direct/P57,http://www.wikidata.org/entity/Q2865080,1,0.012658,0.067233,816.0,0.4287268223138953
http://www.wikidata.org/entity/Q88555775,http://www.wikidata.org/prop/direct/P19,http://www.wikidata.org/entity/Q766,1,0.000108,0.10951,508365.0,0.4206802359061191
